run_id,commit_hash,date,build_label,hostname,windows_version,os_build,cpu,ram_gb
,4068ddda5,2026-07-14T13:38:22,,WINDOWS-NODE-01,Windows Server 2022 Standard 21H2,20348.1487,AMD Ryzen 7 PRO 8700GE w/ Radeon 780M Graphics,63
,b5cde8a91,2026-07-14T15:16:43,,WINDOWS-NODE-01,Windows Server 2022 Standard 21H2,20348.1487,AMD Ryzen 7 PRO 8700GE w/ Radeon 780M Graphics,63
,4c6eafbe8,2026-07-14T16:04:33,,WINDOWS-NODE-01,Windows Server 2022 Standard 21H2,20348.1487,AMD Ryzen 7 PRO 8700GE w/ Radeon 780M Graphics,63
,4c6eafbe8,2026-07-15T05:15:58,,WINDOWS-NODE-01,Windows Server 2022 Standard 21H2,20348.1487,AMD Ryzen 7 PRO 8700GE w/ Radeon 780M Graphics,63
,e2ca9c790,2026-07-16T05:15:05,,WINDOWS-NODE-01,Windows Server 2022 Standard 21H2,20348.1487,AMD Ryzen 7 PRO 8700GE w/ Radeon 780M Graphics,63
,df161fdc6,2026-07-16T08:38:17,,WINDOWS-NODE-01,Windows Server 2022 Standard 21H2,20348.1487,AMD Ryzen 7 PRO 8700GE w/ Radeon 780M Graphics,63
,df161fdc6,2026-07-16T09:47:50,,WINDOWS-NODE-01,Windows Server 2022 Standard 21H2,20348.1487,AMD Ryzen 7 PRO 8700GE w/ Radeon 780M Graphics,63
,5f66de,2026-07-16T10:08:15,,WINDOWS-NODE-01,Windows Server 2022 Standard 21H2,20348.1487,AMD Ryzen 7 PRO 8700GE w/ Radeon 780M Graphics,63
,df161fdc6,2026-07-16T13:38:02,,WINDOWS-NODE-01,Windows Server 2022 Standard 21H2,20348.1487,AMD Ryzen 7 PRO 8700GE w/ Radeon 780M Graphics,63
,5dae9b2ba,2026-07-17T05:16:52,,WINDOWS-NODE-01,Windows Server 2022 Standard 21H2,20348.1487,AMD Ryzen 7 PRO 8700GE w/ Radeon 780M Graphics,63
,e05886b4e,2026-07-17T12:12:05,,WINDOWS-NODE-01,Windows Server 2022 Standard 21H2,20348.1487,AMD Ryzen 7 PRO 8700GE w/ Radeon 780M Graphics,63
,0e23fd3cc,2026-07-17T20:28:29,,WINDOWS-NODE-01,Windows Server 2022 Standard 21H2,20348.1487,AMD Ryzen 7 PRO 8700GE w/ Radeon 780M Graphics,63
,0e23fd3cc,2026-07-17T20:52:53,,WINDOWS-NODE-01,Windows Server 2022 Standard 21H2,20348.1487,AMD Ryzen 7 PRO 8700GE w/ Radeon 780M Graphics,63
,50ded3fa4,2026-07-20T11:05:07,,WINDOWS-NODE-01,Windows Server 2022 Standard 21H2,20348.1487,AMD Ryzen 7 PRO 8700GE w/ Radeon 780M Graphics,63
,5f66de,2026-07-20T13:06:04,,WINDOWS-NODE-01,Windows Server 2022 Standard 21H2,20348.1487,AMD Ryzen 7 PRO 8700GE w/ Radeon 780M Graphics,63
,384d3f0f3,2026-07-20T15:42:36,,WINDOWS-NODE-01,Windows Server 2022 Standard 21H2,20348.1487,AMD Ryzen 7 PRO 8700GE w/ Radeon 780M Graphics,63
,f71e0573d,2026-07-21T11:20:30,,WINDOWS-NODE-01,Windows Server 2022 Standard 21H2,20348.1487,AMD Ryzen 7 PRO 8700GE w/ Radeon 780M Graphics,63
,abe104848,2026-07-22T05:24:46,,WINDOWS-NODE-01,Windows Server 2022 Standard 21H2,20348.1487,AMD Ryzen 7 PRO 8700GE w/ Radeon 780M Graphics,63
,17d8a8d95,2026-07-22T10:26:37,,WINDOWS-NODE-01,Windows Server 2022 Standard 21H2,20348.1487,AMD Ryzen 7 PRO 8700GE w/ Radeon 780M Graphics,63
,dbde82852,2026-07-22T14:48:18,,WINDOWS-NODE-01,Windows Server 2022 Standard 21H2,20348.1487,AMD Ryzen 7 PRO 8700GE w/ Radeon 780M Graphics,63
,a6db0bddc7,2026-07-23T05:28:01,,WINDOWS-NODE-01,Windows Server 2022 Standard 21H2,20348.1487,AMD Ryzen 7 PRO 8700GE w/ Radeon 780M Graphics,63
,e05186176a,2026-07-23T11:39:31,,WINDOWS-NODE-01,Windows Server 2022 Standard 21H2,20348.1487,AMD Ryzen 7 PRO 8700GE w/ Radeon 780M Graphics,63
,115c87f7b5,2026-07-23T13:49:03,,WINDOWS-NODE-01,Windows Server 2022 Standard 21H2,20348.1487,AMD Ryzen 7 PRO 8700GE w/ Radeon 780M Graphics,63
,0c1c2b0287,2026-07-24T05:26:18,,WINDOWS-NODE-01,Windows Server 2022 Standard 21H2,20348.1487,AMD Ryzen 7 PRO 8700GE w/ Radeon 780M Graphics,63
,0b7c6c3241,2026-07-27T16:22:31,,WINDOWS-NODE-01,Windows Server 2022 Standard 21H2,20348.1487,AMD Ryzen 7 PRO 8700GE w/ Radeon 780M Graphics,63
,cf137ac677,2026-07-28T05:35:30,,WINDOWS-NODE-01,Windows Server 2022 Standard 21H2,20348.1487,AMD Ryzen 7 PRO 8700GE w/ Radeon 780M Graphics,63
,8b23a3fe3d,2026-07-29T04:47:11,,WINDOWS-NODE-01,Windows Server 2022 Standard 21H2,20348.1487,AMD Ryzen 7 PRO 8700GE w/ Radeon 780M Graphics,63
,8762ea257f,2026-07-29T08:45:47,,WINDOWS-NODE-01,Windows Server 2022 Standard 21H2,20348.1487,AMD Ryzen 7 PRO 8700GE w/ Radeon 780M Graphics,63
,8762ea257f,2026-07-29T09:58:07,,WINDOWS-NODE-01,Windows Server 2022 Standard 21H2,20348.1487,AMD Ryzen 7 PRO 8700GE w/ Radeon 780M Graphics,63
,f4cbae9d7f,2026-07-29T15:19:55,,WINDOWS-NODE-01,Windows Server 2022 Standard 21H2,20348.1487,AMD Ryzen 7 PRO 8700GE w/ Radeon 780M Graphics,63
,cd4b4e1aa0,2026-07-30T05:40:44,,WINDOWS-NODE-01,Windows Server 2022 Standard 21H2,20348.1487,AMD Ryzen 7 PRO 8700GE w/ Radeon 780M Graphics,63
,6eedb01da6,2026-07-30T15:35:01,,WINDOWS-NODE-01,Windows Server 2022 Standard 21H2,20348.1487,AMD Ryzen 7 PRO 8700GE w/ Radeon 780M Graphics,63
,512bba730f,2026-07-31T04:49:19,,WINDOWS-NODE-01,Windows Server 2022 Standard 21H2,20348.1487,AMD Ryzen 7 PRO 8700GE w/ Radeon 780M Graphics,63
,4d5f214a13,2026-07-31T09:31:40,,WINDOWS-NODE-01,Windows Server 2022 Standard 21H2,20348.1487,AMD Ryzen 7 PRO 8700GE w/ Radeon 780M Graphics,63
,3959f84669,2026-07-31T12:14:46,,WINDOWS-NODE-01,Windows Server 2022 Standard 21H2,20348.1487,AMD Ryzen 7 PRO 8700GE w/ Radeon 780M Graphics,63
,ad6f081d3d,2026-07-31T15:04:42,,WINDOWS-NODE-01,Windows Server 2022 Standard 21H2,20348.1487,AMD Ryzen 7 PRO 8700GE w/ Radeon 780M Graphics,63
,bcb30b734c,2026-08-01T04:46:45,,WINDOWS-NODE-01,Windows Server 2022 Standard 21H2,20348.1487,AMD Ryzen 7 PRO 8700GE w/ Radeon 780M Graphics,63
,bcb30b734c,2026-08-02T04:46:10,,WINDOWS-NODE-01,Windows Server 2022 Standard 21H2,20348.1487,AMD Ryzen 7 PRO 8700GE w/ Radeon 780M Graphics,63
,bcb30b734c,2026-08-03T05:34:02,,WINDOWS-NODE-01,Windows Server 2022 Standard 21H2,20348.1487,AMD Ryzen 7 PRO 8700GE w/ Radeon 780M Graphics,63
,dcaece26da,2026-08-03T10:58:29,,WINDOWS-NODE-01,Windows Server 2022 Standard 21H2,20348.1487,AMD Ryzen 7 PRO 8700GE w/ Radeon 780M Graphics,63
,1efa7ea300,2026-08-03T15:34:11,,WINDOWS-NODE-01,Windows Server 2022 Standard 21H2,20348.1487,AMD Ryzen 7 PRO 8700GE w/ Radeon 780M Graphics,63
,9f232d5fcb,2026-08-03T18:30:14,,WINDOWS-NODE-01,Windows Server 2022 Standard 21H2,20348.1487,AMD Ryzen 7 PRO 8700GE w/ Radeon 780M Graphics,63
,b53180ff9e,2026-08-04T13:38:28,,WINDOWS-NODE-01,Windows Server 2022 Standard 21H2,20348.1487,AMD Ryzen 7 PRO 8700GE w/ Radeon 780M Graphics,63
,549dc1ab51,2026-08-05T05:38:00,,WINDOWS-NODE-01,Windows Server 2022 Standard 21H2,20348.1487,AMD Ryzen 7 PRO 8700GE w/ Radeon 780M Graphics,63
,629daae710,2026-08-05T09:58:58,,WINDOWS-NODE-01,Windows Server 2022 Standard 21H2,20348.1487,AMD Ryzen 7 PRO 8700GE w/ Radeon 780M Graphics,63
,403e647e7e,2026-08-06T05:29:01,,WINDOWS-NODE-01,Windows Server 2022 Standard 21H2,20348.1487,AMD Ryzen 7 PRO 8700GE w/ Radeon 780M Graphics,63
,fd90ae1f5f,2026-08-06T08:58:58,,WINDOWS-NODE-01,Windows Server 2022 Standard 21H2,20348.1487,AMD Ryzen 7 PRO 8700GE w/ Radeon 780M Graphics,63
,f3ced3320d,2026-08-07T05:33:41,,WINDOWS-NODE-01,Windows Server 2022 Standard 21H2,20348.1487,AMD Ryzen 7 PRO 8700GE w/ Radeon 780M Graphics,63
,5504680a17,2026-08-08T05:30:24,,WINDOWS-NODE-01,Windows Server 2022 Standard 21H2,20348.1487,AMD Ryzen 7 PRO 8700GE w/ Radeon 780M Graphics,63
,e285fde4a6,2026-08-09T05:27:16,,WINDOWS-NODE-01,Windows Server 2022 Standard 21H2,20348.1487,AMD Ryzen 7 PRO 8700GE w/ Radeon 780M Graphics,63
,f0ca5f1d08,2026-08-10T05:28:49,,WINDOWS-NODE-01,Windows Server 2022 Standard 21H2,20348.1487,AMD Ryzen 7 PRO 8700GE w/ Radeon 780M Graphics,63
,69fe4bb384,2026-08-11T05:30:20,,WINDOWS-NODE-01,Windows Server 2022 Standard 21H2,20348.1487,AMD Ryzen 7 PRO 8700GE w/ Radeon 780M Graphics,63
,7f5842eee1,2026-08-12T04:38:29,,WINDOWS-NODE-01,Windows Server 2022 Standard 21H2,20348.1487,AMD Ryzen 7 PRO 8700GE w/ Radeon 780M Graphics,63
,4acdfba962,2026-08-12T12:45:46,,WINDOWS-NODE-01,Windows Server 2022 Standard 21H2,20348.1487,AMD Ryzen 7 PRO 8700GE w/ Radeon 780M Graphics,63
,8fddc0c46e,2026-08-13T05:28:37,,WINDOWS-NODE-01,Windows Server 2022 Standard 21H2,20348.1487,AMD Ryzen 7 PRO 8700GE w/ Radeon 780M Graphics,63
,36ff7f1308,2026-08-13T16:12:48,,WINDOWS-NODE-01,Windows Server 2022 Standard 21H2,20348.1487,AMD Ryzen 7 PRO 8700GE w/ Radeon 780M Graphics,63
,bd84c55138,2026-08-14T07:28:56,,WINDOWS-NODE-01,Windows Server 2022 Standard 21H2,20348.1487,AMD Ryzen 7 PRO 8700GE w/ Radeon 780M Graphics,63
nightly-0f49c7a9da-362,0f49c7a9da,2026-08-15T08:40:54,2026-08-15T08:40:54|0f49c7a9da,WINDOWS-NODE-01,Windows Server 2022 Standard 21H2,20348.1487,AMD Ryzen 7 PRO 8700GE w/ Radeon 780M Graphics,63
nightly-27614460fb-363,27614460fb,2026-08-16T05:28:42,2026-08-16T05:28:42|27614460fb,WINDOWS-NODE-01,Windows Server 2022 Standard 21H2,20348.1487,AMD Ryzen 7 PRO 8700GE w/ Radeon 780M Graphics,63
nightly-27614460fb-364,27614460fb,2026-08-17T05:27:56,2026-08-17T05:27:56|27614460fb,WINDOWS-NODE-01,Windows Server 2022 Standard 21H2,20348.1487,AMD Ryzen 7 PRO 8700GE w/ Radeon 780M Graphics,63
nightly-e348b4caa8-365,e348b4caa8,2026-08-18T05:30:17,2026-08-18T05:30:17|e348b4caa8,WINDOWS-NODE-01,Windows Server 2022 Standard 21H2,20348.1487,AMD Ryzen 7 PRO 8700GE w/ Radeon 780M Graphics,63
nightly-be3c566e16-366,be3c566e16,2026-08-18T20:25:19,2026-08-18T20:25:19|be3c566e16,WINDOWS-NODE-01,Windows Server 2022 Standard 21H2,20348.1487,AMD Ryzen 7 PRO 8700GE w/ Radeon 780M Graphics,63
nightly-6d4aa0faf8-367,6d4aa0faf8,2026-08-19T06:10:51,2026-08-19T06:10:51|6d4aa0faf8,WINDOWS-NODE-01,Windows Server 2022 Standard 21H2,20348.1487,AMD Ryzen 7 PRO 8700GE w/ Radeon 780M Graphics,63
nightly-a435c8619d-368,a435c8619d,2026-08-20T06:14:16,2026-08-20T06:14:16|a435c8619d,WINDOWS-NODE-01,Windows Server 2022 Standard 21H2,20348.1487,AMD Ryzen 7 PRO 8700GE w/ Radeon 780M Graphics,63
